{
   "displayName" : "Korean_ALL",
   "version" : "1.0",
   "buildNumber" : 14,
   "description" : "https://gall.dcinside.com/mgallery/board/view/?id=mwo&no=3619&page=1\r\n\r\nVersion 1.0\r\n\r\nThanks for Help Translation\r\n[DCInside BattleMech - MechWarrior Gallary]\r\n\r\nSpecial Thanks: et",
   "author" : "Tari_Tomo",
   "authorURL" : "",
   "defaultLoadOrder" : 0,
   "gameVersion" : "1.1.0",
   "manifest" : [
      "/Game/InnerSphereData/sername.uasset",
      "/Game/UI/Font/Futura/Futura_Book.uasset",
      "/Game/UI/Font/Futura/Futura_Heavy.uasset",
      "/Game/UI/Font/Futura/Futura_Medium.uasset",
      "/Game/UI/Font/Roboto/Roboto-Black.uasset",
      "/Game/UI/Font/Roboto/Roboto-Regular.uasset",
      "/Game/UI/Font/Roboto_Condensed/RobotoCondensed-Bold.uasset",
      "/Game/UI/Font/Roboto_Condensed/RobotoCondensed-Regular.uasset"
   ],
   "steamPublishedFileId" : 2504425874,
   "steamLastSubmittedBuildNumber" : 13,
   "steamModVisibility" : "Private"
}